INSERT INTO `challenge` (`id`, `name`, `description`, `points`, `category`, `author`, `author_time`, `location`, `extrapoints`, `flower_sum`, `flower_count`) VALUES
(1, 'Bio-Frühstück', 'Organisiert ein Frühstück für die Klasse, das ausschließlich aus Bio- und, wenn möglich, Fairtrade-Produkten besteht. Präsentiert der Klasse anschließend einen Vergleich der Inhaltsstoffe und Preise mit den konventionellen Nicht-Bio-Produkten.', 4, 'food', NULL, NULL, 'teacher', 8, 18, 5),
(3, 'Beispielchallenge', 'Lorem ipsum dolor sit amet, consectetur adipisici elit, sed eiusmod tempor incidunt ut labore et dolore magna aliqua. Ut enim ad minim veniam, quis nostrud exercitation ullamco laboris nisi ut aliquid ex ea commodi consequat. ', 2, 'energy', NULL, NULL, 'home', NULL, 0, 0),
(4, 'Beispielchallenge', 'Lorem ipsum dolor sit amet, consectetur adipisici elit, sed eiusmod tempor incidunt ut labore et dolore magna aliqua. Ut enim ad minim veniam, quis nostrud exercitation ullamco laboris nisi ut aliquid ex ea commodi consequat. ', 2, 'culture', NULL, NULL, 'home', NULL, 0, 0),
(5, 'Beispielchallenge', 'Lorem ipsum dolor sit amet, consectetur adipisici elit, sed eiusmod tempor incidunt ut labore et dolore magna aliqua. Ut enim ad minim veniam, quis nostrud exercitation ullamco laboris nisi ut aliquid ex ea commodi consequat. ', 2, 'climate-change', NULL, NULL, 'home', NULL, 0, 0),
(6, 'Beispielchallenge', 'Lorem ipsum dolor sit amet, consectetur adipisici elit, sed eiusmod tempor incidunt ut labore et dolore magna aliqua. Ut enim ad minim veniam, quis nostrud exercitation ullamco laboris nisi ut aliquid ex ea commodi consequat. ', 2, 'production', NULL, NULL, 'teacher', NULL, 0, 0),
(7, 'Bio-Frühstück2', 'Organisiert ein Frühstück für die Klasse, das ausschließlich aus Bio- und, wenn möglich, Fairtrade-Produkten besteht. Präsentiert der Klasse anschließend einen Vergleich der Inhaltsstoffe und Preise mit den konventionellen Nicht-Bio-Produkten.', 7, 'energy', NULL, NULL, 'home', NULL, 0, 0),
(8, 'SelfMade-Essen', 'Organisiert ein Frühstück für die Klasse, das ausschließlich aus Bio- und, wenn möglich, Fairtrade-Produkten besteht. Präsentiert der Klasse anschließend einen Vergleich der Inhaltsstoffe und Preise mit den konventionellen Nicht-Bio-Produkten.', 7, 'selfmade', 1, '2016-01-01 12:00:00', 'home', NULL, 0, 0),
(9, 'SelfMade-Essen2', 'Organisiert ein Frühstück für die Klasse, das ausschließlich aus Bio- und, wenn möglich, Fairtrade-Produkten besteht. Präsentiert der Klasse anschließend einen Vergleich der Inhaltsstoffe und Preise mit den konventionellen Nicht-Bio-Produkten.', 1, 'selfmade', 2, '2016-01-04 12:17:00', 'home', NULL, 0, 0),
(10, 'SelfMade-Essen3', 'Organisiert ein Frühstück für die Klasse, das ausschließlich aus Bio- und, wenn möglich, Fairtrade-Produkten besteht. Präsentiert der Klasse anschließend einen Vergleich der Inhaltsstoffe und Preise mit den konventionellen Nicht-Bio-Produkten.', 1, 'selfmade', 1, '2015-12-25 12:26:00', 'home', NULL, 0, 0),
(11, 'SelfMade-Essen4', 'Organisiert ein Frühstück für die Klasse, das ausschließlich aus Bio- und, wenn möglich, Fairtrade-Produkten besteht. Präsentiert der Klasse anschließend einen Vergleich der Inhaltsstoffe und Preise mit den konventionellen Nicht-Bio-Produkten.', 1, 'selfmade', 1, '2015-12-28 00:00:00', 'home', NULL, 0, 0),
(12, 'SelfMade-Essen5', 'Organisiert ein Frühstück für die Klasse, das ausschließlich aus Bio- und, wenn möglich, Fairtrade-Produkten besteht. Präsentiert der Klasse anschließend einen Vergleich der Inhaltsstoffe und Preise mit den konventionellen Nicht-Bio-Produkten.', 1, 'selfmade', 1, '2016-01-07 06:00:00', 'home', NULL, 0, 0),
(13, 'SelfMade-Essen6', 'Organisiert ein Frühstück für die Klasse, das ausschließlich aus Bio- und, wenn möglich, Fairtrade-Produkten besteht. Präsentiert der Klasse anschließend einen Vergleich der Inhaltsstoffe und Preise mit den konventionellen Nicht-Bio-Produkten.', 1, 'selfmade', 2, '2016-01-05 12:27:00', 'home', NULL, 0, 0),
(14, 'Wasser1', 'Wasser, Wasser, Wasser...', 1, 'water', NULL, '2016-01-30 20:42:40', 'school', NULL, 0, 0),
(15, 'Wasser2', 'gaaaanz viel Wasser!', 2, 'water', NULL, '2016-01-30 20:42:56', 'home', NULL, 0, 0),
(16, 'TestChallenge', 'Challenge-Beschreibungdasdasdsadas', 1, 'selfmade', NULL, '2016-04-30 21:59:40', 'teacher', NULL, 0, 0),
(17, 'TestChallenge', 'Challenge-Beschreibungdasdasdsadas', 1, 'selfmade', NULL, '2016-04-30 22:01:26', 'teacher', NULL, 0, 0),
(18, 'ddd', 'Challenge-Beschreibungdasdasdsadas', 1, 'selfmade', NULL, '2016-04-30 22:03:03', 'teacher', NULL, 0, 0),
(19, 'oioli', 'Challenge-Beschreibung', 1, 'selfmade', NULL, '2016-05-01 16:01:39', 'home', 6, 0, 0),
(20, 'aaaaaaaaaa', 'Challenge-Beschreibung', 1, 'selfmade', NULL, '2016-05-01 18:20:46', 'home', NULL, 0, 0),
(21, 'aaaaaaaaaa', 'Challenge-Beschreibung', 1, 'selfmade', 1, '2016-05-01 18:37:03', 'home', NULL, 0, 0);

INSERT INTO `class` (`id`, `name`, `teacher`) VALUES
(1, 'Die Sojapatronen', 3),
(2, 'Elektrokürbis', 4),
(3, 'Mc Do Not', 4);

INSERT INTO `feedback` (`id`, `challenge`, `fun`, `integration`, `duration`, `problems`, `comment`) VALUES
(1, 1, 1, 3, 1, 5, ''),
(2, 1, 1, 3, 1, 5, 'dasdsad'),
(3, 14, 1, 2, 3, 4, 'Hallo!"";"34'),
(4, 1, 1, 4, 4, 1, ''),
(5, 1, 1, 4, 4, 1, ''),
(6, 1, 1, 4, 4, 1, '');

INSERT INTO `forgot` (`id`, `user`, `created_at`) VALUES
('8d451a979817ba96df103ac1e8352484', 3, '2016-05-02 10:51:52'),
('9b451ea8bd3ff91fd20ad7e661b28bd8', 3, '2016-05-02 10:55:10');

INSERT INTO `leckerwissen` (`id`, `link`, `title`, `category`, `type`) VALUES
(11, 'https://www.youtube.com/watch?v=iiDCNdsU4vI', 'Hagen Rether über Fleisch, Milch & Co [Kabarett]', 'food', 'video'),
(17, 'https://www.youtube.com/watch?v=zOAIOr18FFo', 'Freihandelsabkommen zwischen EU und Afrika', 'production', 'video'),
(18, 'https://news.utopia.de/ratgeber/diese-gruene-filme-sollte-jeder-gesehen-haben/?utm_source=Interessenten&utm_campaign=d3c906d3e5-Newsletter_Mo_15KW52_Interessenten&utm_medium=email&utm_term=0_af58dac727-d3c906d3e5-262279765', '15 Dokumentarfilme zu Nachhaltigkeit', 'food', 'article'),
(19, 'http://www.feelgreen.de/diese-seekuh-frisst-plastikmuell/id_76539278/index', 'Müllschiff soll Plastikmüll aus den Meeren fischen', 'climate-change', 'article'),
(20, 'https://www.facebook.com/gary.yourofsky/videos/886039734784609/', 'Methan - schlimmer als CO²?', 'climate-change', 'video'),
(21, 'http://www.klimaretter.info/forschung/nachricht/18133-landwirtschaft-ist-zweitgroesster-emittent', 'Landwirtschaft auf Rang 2 der größten Treibhausgasemittenten', 'climate-change', 'article'),
(22, 'https://news.utopia.de/ratgeber/12-bilder-die-zeigen-dass-mit-unserer-konsumkultur-etwas-nicht-stimmt/', '12 Bilder, die zeigen, dass mit unserer Konsumkultur etwas nicht stimmt', 'production', 'article'),
(23, 'http://www.feelgreen.de/klimawandel-anstieg-des-meeresspiegels-koennte-megastaedte-ueberfluten/id_76030018/index', 'Anstieg des Meeresspiegels könnte Megastädte überfluten', 'climate-change', 'article'),
(24, 'http://www.zdf.de/ZDFmediathek#/beitrag/video/2514628/Flucht-vor-dem-Klimawandel', 'Flucht vor dem Klimawandel (ZDF)', 'climate-change', 'video'),
(25, 'http://www.palettenbett.com/', 'Palettenmöbel selber bauen', 'production', 'other'),
(26, 'https://www.youtube.com/watch?v=lI0Xc2CWPjM', 'Konsum, Glück und Zeitknappheit', 'other', 'video'),
(27, 'http://de.yallahdeutschland.de/', 'Yallah Deutschland - Videoportal zu Flüchtlingen', 'culture', 'other'),
(28, 'http://www.erneuerbareenergien.de/erneuerbaren-anteil-steigt-2015-voraussichtlich-auf-33-prozent/150/434/91426/', 'Ökostrom-Anteil in Deutschland', 'energy', 'article'),
(29, 'https://www.youtube.com/watch?v=lmXAwTisSd0', 'Gründe, sich vegan zu ernähren', 'food', 'video'),
(30, 'http://www.vegan.eu/index.php/was_ist_vegan.html', 'Was ist vegan?', 'food', 'article'),
(31, 'http://www.wwf.de/2012/maerz/kampf-gegen-globale-wasserkrise/', 'Weltweite Wasserknappheit sorgt für Konflikte', 'energy', 'article'),
(32, 'http://www.globalisierung-fakten.de/folgen-der-globalisierung/krisen/wasserknappheit/', 'Fakten zu Wasserknappheit', 'energy', 'article'),
(33, 'http://ec.europa.eu/environment/pubs/pdf/factsheets/water_scarcity/de.pdf', 'Dürre in der EU', 'energy', 'article'),
(34, 'http://www.biorama.eu/', 'Biorama - Magazin für nachhaltigen Lebensstil', 'other', 'other'),
(35, 'http://www.degrowth.de/de/?', 'Degrowth - Antiwachstumsbewegung', 'culture', 'other'),
(36, 'http://www.klimaretter.info/', 'Klimaretter - Magazin zur Klima- und Energiewende', 'other', 'other'),
(37, 'http://example.de', 'dasd', 'culture', 'video');

INSERT INTO `milestone` (`id`, `points`, `description`) VALUES
(1, 10, 'Schon nicht schlecht'),
(2, 20, 'ziemlich krass');

INSERT INTO `solved_challenge` (`id`, `at`, `class`, `challenge`, `extra`) VALUES
(1, '2015-12-25 07:28:34', 1, 1, 0),
(2, '2015-12-24 00:00:00', 1, 11, 0),
(3, '2015-12-23 20:00:00', 2, 5, 0),
(4, '2015-12-24 16:00:00', 3, 7, 0),
(5, '2016-01-31 13:19:45', 2, 15, 0);

INSERT INTO `suggested` (`id`, `title`, `description`, `class`, `points`, `location`, `extrapoints`) VALUES
(3, 'Hallo!', 'Challenge-Beschreibung', 2, 7, 'home', NULL);

INSERT INTO `user` (`id`, `password`, `email`, `role`) VALUES
(3, '$2y$10$u6F8pbGlu8.VQ2lcBwH4XeYKp1tsO.81Tj511n91Nat6.R.tsPZOO', 'a@b.de', 2),
(4, '$2y$10$CenkCYnbeP01VK5PMheAnuWC6HaqoukjkldCHCqkzSVmfCj7Av8UG', 'teacher@test.de', 1),
(5, '$2y$10$pEa2WznTAwNVRrEx.pqoj.hTvlSO7/8ioiIcaIxL6Awdqv.cO/MhW', 'sss@a.de', 1),
(6, '$2y$10$5ZUvMMfsGQYMoIPaSWzQ8Oy0MtI7ZftoknIUQMFFBdkDJ/zGtMzXS', 'aaaaaaaaaaaaaaaaaaaaaaaaaaaaaaaaaaaaaaaaaaaaaa@d.de', 1);
